fueltype,aspiration,doornumber,carbody,drivewheel,wheelbase,carlength,carwidth,carheight,curbweight,enginetype,cylindernumber,enginesize,fuelsystem,boreratio,stroke,compressionratio,horsepower,peakrpm,citympg,highwaympg,price
1.0,0.0,0.0,0.0,1.0,0.05830903790087462,0.4134328358208958,0.31666666666666643,0.08333333333333333,0.41117145073700545,0.0,0.2,0.26037735849056604,0.7142857142857143,0.6642857142857145,0.2904761904761906,0.125,0.2625,0.3469387755102041,0.2222222222222222,0.2894736842105263,0.20795888982672162
1.0,0.0,0.0,0.0,1.0,0.05830903790087462,0.4134328358208958,0.31666666666666643,0.08333333333333333,0.41117145073700545,0.0,0.2,0.26037735849056604,0.7142857142857143,0.6642857142857145,0.2904761904761906,0.125,0.2625,0.3469387755102041,0.2222222222222222,0.2894736842105263,0.2825579663373219
1.0,0.0,0.0,0.5,1.0,0.2303206997084549,0.4492537313432835,0.43333333333333357,0.38333333333333347,0.5178432893716058,0.8333333333333334,0.4,0.3433962264150943,0.7142857142857143,0.10000000000000009,0.6666666666666669,0.125,0.44166666666666665,0.3469387755102041,0.16666666666666666,0.2631578947368421,0.2825579663373219
1.0,0.0,1.0,0.75,0.5,0.38483965014577254,0.5298507462686567,0.49166666666666714,0.5416666666666666,0.32932505818463925,0.5,0.2,0.1811320754716981,0.7142857142857143,0.46428571428571425,0.6333333333333333,0.1875,0.225,0.5510204081632653,0.3055555555555556,0.3684210526315789,0.21925425748473262
1.0,0.0,1.0,0.75,0.0,0.3731778425655979,0.5298507462686567,0.5083333333333341,0.5416666666666666,0.5182311869666408,0.5,0.3,0.2830188679245283,0.7142857142857143,0.46428571428571425,0.6333333333333333,0.0625,0.2791666666666667,0.5510204081632653,0.1388888888888889,0.15789473684210525,0.30614170100789434
1.0,0.0,0.0,0.75,0.5,0.38483965014577254,0.5402985074626868,0.5,0.44166666666666704,0.39526764934057407,0.5,0.3,0.2830188679245283,0.7142857142857143,0.46428571428571425,0.6333333333333333,0.09375,0.25833333333333336,0.5510204081632653,0.16666666666666666,0.23684210526315788,0.25152673650762125
1.0,0.0,1.0,0.75,0.5,0.5597667638483964,0.7701492537313432,0.9250000000000007,0.6583333333333338,0.525989138867339,0.5,0.3,0.2830188679245283,0.7142857142857143,0.46428571428571425,0.6333333333333333,0.09375,0.25833333333333336,0.5510204081632653,0.16666666666666666,0.23684210526315788,0.3125961968124721
1.0,0.0,1.0,1.0,0.5,0.5597667638483964,0.7701492537313432,0.9250000000000007,0.6583333333333338,0.5686578743211792,0.5,0.3,0.2830188679245283,0.7142857142857143,0.46428571428571425,0.6333333333333333,0.09375,0.25833333333333336,0.5510204081632653,0.16666666666666666,0.23684210526315788,0.3426344272876223
1.0,1.0,1.0,0.75,0.5,0.5597667638483964,0.7701492537313432,0.9250000000000007,0.6750000000000002,0.6198603568657874,0.5,0.3,0.2641509433962264,0.7142857142857143,0.4214285714285714,0.6333333333333333,0.08125000000000004,0.38333333333333336,0.5510204081632653,0.1111111111111111,0.10526315789473684,0.4656422223325555
1.0,1.0,0.0,0.5,0.0,0.37609329446064144,0.553731343283582,0.6333333333333341,0.35000000000000026,0.6070597362296354,0.5,0.3,0.2641509433962264,0.7142857142857143,0.4214285714285714,0.6333333333333333,0.0,0.4666666666666667,0.5510204081632653,0.08333333333333333,0.15789473684210525,0.3162992651804777
1.0,0.0,0.0,0.75,1.0,0.42565597667638494,0.5328358208955226,0.375,0.5416666666666666,0.3518231186966641,0.5,0.2,0.17735849056603772,0.7142857142857143,0.6857142857142857,0.3476190476190476,0.11250000000000004,0.22083333333333333,0.673469387755102,0.2777777777777778,0.34210526315789475,0.28082021746685865
1.0,0.0,1.0,0.75,1.0,0.42565597667638494,0.5328358208955226,0.375,0.5416666666666666,0.3518231186966641,0.5,0.2,0.17735849056603772,0.7142857142857143,0.6857142857142857,0.3476190476190476,0.11250000000000004,0.22083333333333333,0.673469387755102,0.2777777777777778,0.34210526315789475,0.29310858447942006
1.0,0.0,0.0,0.75,1.0,0.42565597667638494,0.5328358208955226,0.375,0.5416666666666666,0.474010861132661,0.5,0.4,0.3886792452830189,0.7142857142857143,0.55,0.5333333333333333,0.125,0.30416666666666664,0.04081632653061224,0.2222222222222222,0.3157894736842105,0.39352564420833125
1.0,0.0,1.0,0.75,1.0,0.42565597667638494,0.5328358208955226,0.375,0.5416666666666666,0.49534522885958104,0.5,0.4,0.3886792452830189,0.7142857142857143,0.55,0.5333333333333333,0.125,0.30416666666666664,0.04081632653061224,0.2222222222222222,0.3157894736842105,0.39687701702993894
1.0,0.0,1.0,0.75,1.0,0.49271137026239065,0.7149253731343285,0.5500000000000007,0.6583333333333338,0.6078355314197051,0.5,0.4,0.3886792452830189,0.7142857142857143,0.55,0.5333333333333333,0.125,0.30416666666666664,0.04081632653061224,0.19444444444444445,0.23684210526315788,0.48277146119855024
1.0,0.0,1.0,0.75,1.0,0.49271137026239065,0.7149253731343285,0.5500000000000007,0.6583333333333338,0.6757176105508146,0.5,0.4,0.5584905660377358,0.7142857142857143,0.7714285714285716,0.6285714285714287,0.0625,0.5583333333333333,0.5102040816326531,0.08333333333333333,0.15789473684210525,0.6365622362345464
1.0,0.0,0.0,0.75,1.0,0.49271137026239065,0.7865671641791048,0.6333333333333341,0.49166666666666714,0.7339022498060512,0.5,0.4,0.5584905660377358,0.7142857142857143,0.7714285714285716,0.6285714285714287,0.0625,0.5583333333333333,0.5102040816326531,0.08333333333333333,0.15789473684210525,0.8985899409165384
1.0,0.0,1.0,0.75,1.0,0.6822157434402332,0.8343283582089553,0.8833333333333341,0.7083333333333334,0.7823894491854151,0.5,0.4,0.5584905660377358,0.7142857142857143,0.7714285714285716,0.6285714285714287,0.0625,0.5583333333333333,0.5102040816326531,0.05555555555555555,0.10526315789473684,0.7884911374807606
1.0,0.0,0.0,0.5,0.5,0.052478134110787486,0.0,0.0,0.45000000000000046,0.0,0.3333333333333333,0.1,0.0,0.14285714285714285,0.2642857142857144,0.45714285714285713,0.15625,0.0,0.3877551020408163,0.9444444444444444,0.9736842105263158,0.0008192244675040961
1.0,0.0,0.0,0.5,0.5,0.2303206997084549,0.22089552238805987,0.27500000000000036,0.35000000000000026,0.14972847168347556,0.5,0.2,0.10943396226415095,0.14285714285714285,0.34999999999999987,0.49523809523809526,0.16249999999999998,0.09166666666666666,0.5102040816326531,0.6944444444444444,0.7105263157894737,0.029219006007646094
1.0,0.0,1.0,0.75,0.5,0.2303206997084549,0.26417910447761217,0.27500000000000036,0.35000000000000026,0.16330488750969743,0.5,0.2,0.10943396226415095,0.14285714285714285,0.34999999999999987,0.49523809523809526,0.16249999999999998,0.09166666666666666,0.5102040816326531,0.6944444444444444,0.7105263157894737,0.03617000148949903
1.0,0.0,0.0,0.5,0.5,0.20699708454810514,0.24179104477611965,0.2916666666666667,0.25,0.15050426687354537,0.5,0.2,0.10943396226415095,0.14285714285714285,0.3071428571428573,0.5523809523809524,0.150625,0.08333333333333333,0.5510204081632653,0.6666666666666666,0.6578947368421053,0.011270542674147262
1.0,0.0,0.0,0.5,0.5,0.20699708454810514,0.24179104477611965,0.2916666666666667,0.25,0.15050426687354537,0.5,0.2,0.10943396226415095,0.14285714285714285,0.3071428571428573,0.5523809523809524,0.15000000000000002,0.08333333333333333,0.5510204081632653,0.5,0.5789473684210527,0.031254654684474456
1.0,1.0,0.0,0.5,0.5,0.20699708454810514,0.24179104477611965,0.2916666666666667,0.25,0.2482544608223429,0.5,0.2,0.13962264150943396,0.7142857142857143,0.34999999999999987,0.6285714285714287,0.03749999999999998,0.225,0.5510204081632653,0.3055555555555556,0.3684210526315789,0.07047812918921603
1.0,0.0,1.0,0.5,0.5,0.20699708454810514,0.24179104477611965,0.2916666666666667,0.2333333333333337,0.18580294802172226,0.5,0.2,0.10943396226415095,0.14285714285714285,0.3071428571428573,0.5523809523809524,0.15000000000000002,0.08333333333333333,0.5510204081632653,0.5,0.5789473684210527,0.0275805570726379
1.0,0.0,1.0,0.75,0.5,0.20699708454810514,0.24179104477611965,0.2916666666666667,0.2333333333333337,0.1943366951124903,0.5,0.2,0.10943396226415095,0.14285714285714285,0.3071428571428573,0.5523809523809524,0.15000000000000002,0.08333333333333333,0.5510204081632653,0.5,0.5789473684210527,0.03907452460155901
1.0,0.0,1.0,0.75,0.5,0.20699708454810514,0.24179104477611965,0.2916666666666667,0.2333333333333337,0.1943366951124903,0.5,0.2,0.10943396226415095,0.14285714285714285,0.3071428571428573,0.5523809523809524,0.15000000000000002,0.08333333333333333,0.5510204081632653,0.5,0.5789473684210527,0.06183903480462738
1.0,1.0,0.0,0.75,0.5,0.20699708454810514,0.24179104477611965,0.2916666666666667,0.2333333333333337,0.2726920093095423,0.5,0.2,0.13962264150943396,0.7142857142857143,0.34999999999999987,0.6285714285714287,0.03749999999999998,0.225,0.5510204081632653,0.3055555555555556,0.3684210526315789,0.08539794449133609
1.0,0.0,1.0,1.0,0.5,0.48688046647230315,0.5,0.3583333333333331,1.0,0.4061287820015516,0.5,0.2,0.23018867924528302,0.14285714285714285,0.5714285714285713,0.6619047619047619,0.09375,0.16666666666666666,0.3469387755102041,0.3055555555555556,0.3684210526315789,0.09440941363388114
1.0,1.0,0.0,0.5,0.5,0.2711370262390673,0.4791044776119402,0.5,0.20000000000000048,0.5131885182311869,0.5,0.2,0.3584905660377358,0.5714285714285714,0.7571428571428572,0.8714285714285714,0.0,0.4041666666666667,0.3469387755102041,0.16666666666666666,0.21052631578947367,0.1947768233950648
1.0,0.0,0.0,0.5,0.5,0.0,0.05223880597014925,0.3000000000000001,0.25,0.08727695888285493,0.5,0.2,0.1169811320754717,0.0,0.2642857142857144,0.6380952380952382,0.16249999999999998,0.041666666666666664,0.2653061224489796,1.0,1.0,0.03378680303857803
1.0,0.0,0.0,0.5,0.5,0.0,0.05223880597014925,0.3000000000000001,0.25,0.12839410395655548,0.5,0.2,0.1169811320754717,0.0,0.2642857142857144,0.6380952380952382,0.13749999999999996,0.11666666666666667,0.7551020408163265,0.5,0.5789473684210527,0.043120996971351966
1.0,0.0,0.0,0.5,0.5,0.20699708454810514,0.13283582089552248,0.30833333333333357,0.40000000000000036,0.13537626066718386,0.5,0.2,0.06792452830188679,0.0,0.2642857142857144,0.47619047619047616,0.19374999999999998,0.05,0.5510204081632653,0.6944444444444444,0.6842105263157895,0.006975820465716698
1.0,0.0,0.0,0.5,0.5,0.20699708454810514,0.13283582089552248,0.30833333333333357,0.40000000000000036,0.17532971295577968,0.5,0.2,0.1169811320754717,0.0,0.2642857142857144,0.6380952380952382,0.13749999999999996,0.11666666666666667,0.7551020408163265,0.4722222222222222,0.47368421052631576,0.03502805223176605
1.0,0.0,0.0,0.5,0.5,0.20699708454810514,0.13283582089552248,0.30833333333333357,0.40000000000000036,0.18153607447633824,0.5,0.2,0.1169811320754717,0.0,0.2642857142857144,0.6380952380952382,0.13749999999999996,0.11666666666666667,0.7551020408163265,0.4722222222222222,0.47368421052631576,0.04992304255002234
1.0,0.0,1.0,0.75,0.5,0.28862973760932953,0.33283582089552255,0.30833333333333357,0.5583333333333336,0.20248254460822343,0.5,0.2,0.1169811320754717,0.0,0.2642857142857144,0.6380952380952382,0.13749999999999996,0.11666666666666667,0.7551020408163265,0.4722222222222222,0.47368421052631576,0.054043989871406586
1.0,0.0,1.0,1.0,0.5,0.28862973760932953,0.23880597014925373,0.3000000000000001,0.875,0.20791311093871218,0.5,0.2,0.1169811320754717,0.0,0.27142857142857135,0.6380952380952382,0.13749999999999996,0.11666666666666667,0.7551020408163265,0.4722222222222222,0.47368421052631576,0.054043989871406586
1.0,0.0,0.0,0.5,0.5,0.28862973760932953,0.39402985074626873,0.4083333333333338,0.4583333333333333,0.29014740108611325,0.5,0.2,0.18490566037735848,0.0,0.43571428571428567,0.7190476190476192,0.125,0.15833333333333333,0.673469387755102,0.3888888888888889,0.4473684210526316,0.06893898018966288
1.0,0.0,0.0,0.5,0.5,0.28862973760932953,0.39402985074626873,0.4083333333333338,0.4583333333333333,0.31070597362296354,0.5,0.2,0.18490566037735848,0.0,0.43571428571428567,0.7190476190476192,0.125,0.15833333333333333,0.673469387755102,0.3888888888888889,0.4473684210526316,0.09872896082617547
1.0,0.0,1.0,0.75,0.5,0.28862973760932953,0.5119402985074628,0.4083333333333338,0.5250000000000004,0.3165244375484872,0.5,0.2,0.18490566037735848,0.0,0.43571428571428567,0.7190476190476192,0.125,0.15833333333333333,0.673469387755102,0.3888888888888889,0.4473684210526316,0.09252271486023535
1.0,0.0,1.0,0.75,0.5,0.28862973760932953,0.5119402985074628,0.18333333333333357,0.5250000000000004,0.34290147401086113,0.5,0.2,0.18490566037735848,0.0,0.43571428571428567,0.7190476190476192,0.125,0.15833333333333333,0.673469387755102,0.3888888888888889,0.4473684210526316,0.12851894146268805
1.0,0.0,1.0,0.75,0.5,0.28862973760932953,0.5119402985074628,0.4083333333333338,0.5250000000000004,0.37897595034910786,0.5,0.2,0.18490566037735848,0.7142857142857143,0.43571428571428567,0.7190476190476192,0.125,0.22083333333333333,0.673469387755102,0.3055555555555556,0.3157894736842105,0.19430514870165336
1.0,0.0,0.0,0.75,0.5,0.28862973760932953,0.417910447761194,0.47500000000000026,0.2666666666666669,0.31225756400310317,0.5,0.2,0.18490566037735848,0.14285714285714285,0.43571428571428567,0.7190476190476192,0.13124999999999998,0.21666666666666667,0.5510204081632653,0.3333333333333333,0.39473684210526316,0.12976019065587607
1.0,0.0,1.0,0.75,1.0,0.22448979591836735,0.4417910447761193,0.125,0.47500000000000026,0.32932505818463925,0.5,0.2,0.18867924528301888,0.14285714285714285,0.55,0.5523809523809524,0.09375,0.125,0.2653061224489796,0.3055555555555556,0.34210526315789475,0.04138324810088873
1.0,0.0,0.0,0.75,0.5,0.2303206997084549,0.22089552238805987,0.27500000000000036,0.35000000000000026,0.14972847168347556,0.5,0.2,0.10943396226415095,0.14285714285714285,0.34999999999999987,0.49523809523809526,0.16249999999999998,0.09166666666666666,0.5102040816326531,0.6944444444444444,0.7105263157894737,0.09429770120649422
1.0,0.0,1.0,0.75,0.5,0.2303206997084549,0.22089552238805987,0.27500000000000036,0.35000000000000026,0.16330488750969743,0.5,0.2,0.10943396226415095,0.14285714285714285,0.34999999999999987,0.49523809523809526,0.16249999999999998,0.09166666666666666,0.5102040816326531,0.6944444444444444,0.7105263157894737,0.09429770120649422
1.0,0.0,0.0,0.5,1.0,0.2740524781341109,0.4701492537313433,0.4083333333333338,0.3000000000000001,0.48332040341349886,0.5,0.2,0.2188679245283019,1.0,0.6357142857142859,0.5523809523809524,0.13749999999999996,0.175,0.3469387755102041,0.3055555555555556,0.34210526315789475,0.1472121543120997
1.0,0.0,1.0,0.75,1.0,0.7696793002915451,0.8731343283582089,0.7749999999999998,0.4166666666666667,1.0,0.0,0.4,0.7433962264150943,0.7142857142857143,0.7785714285714285,1.0,0.06874999999999998,0.5333333333333333,0.24489795918367346,0.05555555555555555,0.07894736842105263,0.6735514621915496
1.0,0.0,1.0,0.75,1.0,0.7696793002915451,0.8731343283582089,0.7749999999999998,0.4166666666666667,1.0,0.0,0.4,0.7433962264150943,0.7142857142857143,0.7785714285714285,1.0,0.06874999999999998,0.5333333333333333,0.24489795918367346,0.05555555555555555,0.07894736842105263,0.7554739089419592
1.0,0.0,0.0,0.75,1.0,0.4489795918367347,0.7552238805970148,0.8583333333333331,0.0,0.9550038789759504,0.8333333333333334,1.0,1.0,0.7142857142857143,0.7142857142857143,0.3285714285714285,0.28125,0.8916666666666667,0.3469387755102041,0.0,0.02631578947368421,0.7666451516806514
1.0,0.0,0.0,0.5,0.5,0.1895043731778425,0.26865671641791045,0.32500000000000046,0.5250000000000004,0.15593483320403415,0.5,0.2,0.11320754716981132,0.14285714285714285,0.34999999999999987,0.5142857142857143,0.125,0.08333333333333333,0.3469387755102041,0.4722222222222222,0.39473684210526316,0.0019115237575095577
1.0,0.0,0.0,0.5,0.5,0.1895043731778425,0.26865671641791045,0.32500000000000046,0.5250000000000004,0.15981380915438323,0.5,0.2,0.11320754716981132,0.14285714285714285,0.34999999999999987,0.5142857142857143,0.125,0.08333333333333333,0.3469387755102041,0.5,0.5789473684210527,0.024254009234893997
1.0,0.0,0.0,0.5,0.5,0.1895043731778425,0.26865671641791045,0.32500000000000046,0.5250000000000004,0.1617532971295578,0.5,0.2,0.11320754716981132,0.14285714285714285,0.34999999999999987,0.5142857142857143,0.125,0.08333333333333333,0.3469387755102041,0.5,0.5789473684210527,0.04163149793952634
1.0,0.0,1.0,0.75,0.5,0.1895043731778425,0.38358208955223905,0.32500000000000046,0.5250000000000004,0.17726920093095422,0.5,0.2,0.11320754716981132,0.14285714285714285,0.34999999999999987,0.5142857142857143,0.125,0.08333333333333333,0.3469387755102041,0.5,0.5789473684210527,0.03914899955315029
1.0,0.0,1.0,0.75,0.5,0.1895043731778425,0.38358208955223905,0.32500000000000046,0.5250000000000004,0.1792086889061288,0.5,0.2,0.11320754716981132,0.14285714285714285,0.3857142857142858,0.5142857142857143,0.125,0.08333333333333333,0.3469387755102041,0.5,0.5789473684210527,0.056526488257782635
1.0,0.0,0.0,0.5,1.0,0.2536443148688047,0.4164179104477613,0.45000000000000046,0.15000000000000036,0.3460046547711404,1.0,0.0,0.033962264150943396,0.2857142857142857,0.5642857142857144,0.5642857142857143,0.15000000000000002,0.22083333333333333,0.7551020408163265,0.1111111111111111,0.18421052631578946,0.14465518097413238
1.0,0.0,0.0,0.5,1.0,0.2536443148688047,0.4164179104477613,0.45000000000000046,0.15000000000000036,0.3460046547711404,1.0,0.0,0.033962264150943396,0.2857142857142857,0.5642857142857144,0.5642857142857143,0.15000000000000002,0.22083333333333333,0.7551020408163265,0.1111111111111111,0.18421052631578946,0.1669976664515168
1.0,0.0,0.0,0.5,1.0,0.2536443148688047,0.4164179104477613,0.45000000000000046,0.15000000000000036,0.34794414274631497,1.0,0.0,0.033962264150943396,0.2857142857142857,0.5642857142857144,0.5642857142857143,0.15000000000000002,0.22083333333333333,0.7551020408163265,0.1111111111111111,0.18421052631578946,0.21168263740628568
1.0,0.0,0.0,0.5,1.0,0.2536443148688047,0.4164179104477613,0.45000000000000046,0.15000000000000036,0.39255236617532974,1.0,0.0,0.07169811320754717,0.7142857142857143,0.5642857142857144,0.5642857142857143,0.15000000000000002,0.3625,0.7551020408163265,0.08333333333333333,0.18421052631578946,0.2613326051338067
1.0,0.0,0.0,0.5,0.5,0.35568513119533524,0.547761194029851,0.5166666666666669,0.49166666666666714,0.34794414274631497,0.5,0.2,0.23018867924528302,0.14285714285714285,0.6071428571428572,0.6285714285714287,0.09999999999999998,0.15,0.2653061224489796,0.3611111111111111,0.42105263157894735,0.09252271486023535
1.0,0.0,1.0,0.75,0.5,0.35568513119533524,0.547761194029851,0.5166666666666669,0.6416666666666669,0.35764158262218776,0.5,0.2,0.23018867924528302,0.14285714285714285,0.6071428571428572,0.6285714285714287,0.09999999999999998,0.15,0.2653061224489796,0.3611111111111111,0.42105263157894735,0.08383397050791917
1.0,0.0,0.0,0.5,0.5,0.35568513119533524,0.547761194029851,0.5166666666666669,0.49166666666666714,0.34794414274631497,0.5,0.2,0.23018867924528302,0.14285714285714285,0.6071428571428572,0.6285714285714287,0.09999999999999998,0.15,0.2653061224489796,0.3611111111111111,0.42105263157894735,0.1359664366218162
1.0,0.0,1.0,0.75,0.5,0.35568513119533524,0.547761194029851,0.5166666666666669,0.6416666666666669,0.35764158262218776,0.5,0.2,0.23018867924528302,0.14285714285714285,0.6071428571428572,0.6285714285714287,0.09999999999999998,0.15,0.2653061224489796,0.3611111111111111,0.42105263157894735,0.12727769226950003
0.0,0.0,1.0,0.75,0.5,0.35568513119533524,0.547761194029851,0.5166666666666669,0.6416666666666669,0.3704422032583398,0.5,0.2,0.23018867924528302,0.42857142857142855,0.6071428571428572,0.6285714285714287,0.98125,0.06666666666666667,0.20408163265306123,0.6388888888888888,0.6842105263157895,0.1409314333945683
1.0,0.0,1.0,0.5,0.5,0.35568513119533524,0.547761194029851,0.5166666666666669,0.6416666666666669,0.3634600465477114,0.5,0.2,0.23018867924528302,0.14285714285714285,0.6071428571428572,0.6285714285714287,0.09999999999999998,0.15,0.2653061224489796,0.3611111111111111,0.42105263157894735,0.1521026761332605
1.0,0.0,1.0,0.75,1.0,0.533527696793003,0.5059701492537314,0.4833333333333331,0.5500000000000002,0.45849495733126455,0.5,0.2,0.2981132075471698,0.7142857142857143,0.8714285714285713,0.5190476190476192,0.0625,0.3,0.3469387755102041,0.16666666666666666,0.2894736842105263,0.32674643761481553
0.0,0.0,1.0,0.75,1.0,0.533527696793003,0.5059701492537314,0.4833333333333331,0.5500000000000002,0.47013188518231186,0.5,0.2,0.27547169811320754,0.42857142857142855,0.6357142857142859,0.7476190476190477,0.9375,0.1,0.02040816326530612,0.5,0.6052631578947368,0.32833523658209623
0.0,1.0,1.0,0.75,1.0,0.6822157434402332,0.7432835820895524,0.8333333333333334,0.7250000000000002,0.7862684251357641,0.5,0.3,0.46037735849056605,0.42857142857142855,0.7428571428571429,0.7476190476190477,0.90625,0.3125,0.08163265306122448,0.25,0.23684210526315788,0.5072737202720818
0.0,1.0,1.0,1.0,1.0,0.6822157434402332,0.7432835820895524,0.8333333333333334,0.9083333333333338,0.8774243599689682,0.5,0.3,0.46037735849056605,0.42857142857142855,0.7428571428571429,0.7476190476190477,0.90625,0.3125,0.08163265306122448,0.25,0.23684210526315788,0.5742018767687801
0.0,1.0,0.0,0.25,1.0,0.5860058309037901,0.6925373134328359,0.8333333333333334,0.5916666666666668,0.778510473235066,0.5,0.3,0.46037735849056605,0.42857142857142855,0.7428571428571429,0.7476190476190477,0.90625,0.3125,0.08163265306122448,0.25,0.23684210526315788,0.5724144779305893
0.0,1.0,1.0,0.75,1.0,0.8454810495626819,0.917910447761194,0.9500000000000005,0.7083333333333334,0.8851823118696664,0.5,0.3,0.46037735849056605,0.42857142857142855,0.7428571428571429,0.7476190476190477,0.90625,0.3125,0.08163265306122448,0.25,0.23684210526315788,0.6574152226801052
1.0,0.0,1.0,0.75,1.0,0.8454810495626819,0.917910447761194,0.9500000000000005,0.7250000000000002,0.873545384018619,0.8333333333333334,0.6,0.6528301886792452,0.7142857142857143,0.6571428571428571,0.49047619047619057,0.08125000000000004,0.44583333333333336,0.24489795918367346,0.08333333333333333,0.05263157894736842,0.7215629809840624
1.0,0.0,0.0,0.0,1.0,0.2915451895043731,0.5850746268656719,0.8500000000000002,0.25,0.852211016291699,0.8333333333333334,0.6,0.6528301886792452,0.7142857142857143,0.6571428571428571,0.49047619047619057,0.08125000000000004,0.44583333333333336,0.24489795918367346,0.08333333333333333,0.05263157894736842,0.7432103669132615
1.0,0.0,1.0,0.75,1.0,1.0,1.0,0.9500000000000005,0.7416666666666671,0.9356089992242048,0.8333333333333334,0.6,0.9320754716981132,0.7142857142857143,0.8999999999999999,0.6095238095238096,0.0625,0.5666666666666667,0.14285714285714285,0.027777777777777776,0.0,0.8897770716449034
1.0,0.0,0.0,0.25,1.0,0.7405247813411078,0.8671641791044775,0.9750000000000002,0.6333333333333334,0.8638479441427463,0.8333333333333334,0.6,0.9169811320754717,0.7142857142857143,0.8999999999999999,0.6095238095238096,0.0625,0.5666666666666667,0.14285714285714285,0.027777777777777776,0.0,1.0
1.0,1.0,0.0,0.5,1.0,0.4693877551020409,0.5567164179104479,0.6416666666666669,0.5833333333333334,0.5515903801396431,0.5,0.2,0.2981132075471698,0.7142857142857143,0.8857142857142856,0.5000000000000001,0.0625,0.5291666666666667,0.3469387755102041,0.16666666666666666,0.21052631578947367,0.2826324412889132
1.0,0.0,0.0,0.5,0.5,0.20699708454810514,0.24179104477611965,0.3416666666666674,0.25,0.16679596586501164,0.5,0.2,0.1169811320754717,0.14285714285714285,0.3071428571428573,0.5523809523809524,0.15000000000000002,0.08333333333333333,0.5510204081632653,0.6666666666666666,0.6578947368421053,0.006727570627079092
1.0,0.0,0.0,0.5,0.5,0.20699708454810514,0.24179104477611965,0.3416666666666674,0.25,0.1768813033359193,0.5,0.2,0.1169811320754717,0.14285714285714285,0.3071428571428573,0.5523809523809524,0.15000000000000002,0.08333333333333333,0.5510204081632653,0.5,0.5789473684210527,0.026587557718087483
1.0,0.0,0.0,0.5,0.5,0.20699708454810514,0.24179104477611965,0.3416666666666674,0.25,0.20015515903801395,0.5,0.2,0.1169811320754717,0.14285714285714285,0.3071428571428573,0.5523809523809524,0.15000000000000002,0.08333333333333333,0.5510204081632653,0.5,0.5789473684210527,0.038503549972692515
1.0,1.0,0.0,0.5,0.5,0.18658892128279894,0.24179104477611965,0.2916666666666667,0.25,0.2548487199379364,0.5,0.2,0.13962264150943396,0.8571428571428571,0.34999999999999987,0.6285714285714287,0.03749999999999998,0.225,0.5510204081632653,0.3055555555555556,0.3684210526315789,0.06382503351372822
1.0,1.0,0.0,0.5,0.5,0.282798833819242,0.4761194029850747,0.4250000000000007,0.13333333333333344,0.3421256788207913,0.5,0.2,0.18490566037735848,0.8571428571428571,0.44999999999999996,0.6619047619047619,0.03125,0.2833333333333333,0.5510204081632653,0.2777777777777778,0.3684210526315789,0.12017774688446453
1.0,0.0,0.0,0.5,0.5,0.282798833819242,0.4761194029850747,0.4250000000000007,0.13333333333333344,0.32583397982932505,0.5,0.2,0.23018867924528302,0.14285714285714285,0.5785714285714286,0.6619047619047619,0.09375,0.16666666666666666,0.3469387755102041,0.3333333333333333,0.42105263157894735,0.08393327044337422
1.0,1.0,0.0,0.5,0.5,0.2711370262390673,0.4791044776119402,0.5,0.20000000000000048,0.521722265321955,0.5,0.2,0.3584905660377358,0.8571428571428571,0.7428571428571429,0.8523809523809524,0.0,0.4041666666666667,0.3469387755102041,0.16666666666666666,0.21052631578947367,0.18646045380070503
1.0,1.0,0.0,0.5,0.5,0.2711370262390673,0.4791044776119402,0.5,0.20000000000000048,0.5558572536850271,0.5,0.2,0.3584905660377358,0.8571428571428571,0.7499999999999999,0.8523809523809524,0.0,0.4041666666666667,0.3469387755102041,0.16666666666666666,0.21052631578947367,0.24206841765552853
1.0,1.0,0.0,0.5,0.5,0.2711370262390673,0.4791044776119402,0.5,0.20000000000000048,0.5577967416602017,0.5,0.2,0.3584905660377358,0.8571428571428571,0.7499999999999999,0.8523809523809524,0.0,0.4041666666666667,0.3469387755102041,0.16666666666666666,0.21052631578947367,0.23263492378729952
1.0,0.0,1.0,0.75,0.5,0.282798833819242,0.4671641791044778,0.4250000000000007,0.31666666666666704,0.34018619084561674,0.5,0.2,0.23018867924528302,0.14285714285714285,0.5785714285714286,0.6619047619047619,0.09375,0.16666666666666666,0.3469387755102041,0.3333333333333333,0.42105263157894735,0.046447544809095874
1.0,0.0,1.0,0.75,0.5,0.282798833819242,0.4671641791044778,0.4250000000000007,0.31666666666666704,0.3557020946470132,0.5,0.2,0.23018867924528302,0.14285714285714285,0.5785714285714286,0.6619047619047619,0.09375,0.16666666666666666,0.3469387755102041,0.3333333333333333,0.42105263157894735,0.07623752544560847
1.0,1.0,1.0,0.75,0.5,0.282798833819242,0.4671641791044778,0.4250000000000007,0.31666666666666704,0.3549262994569434,0.5,0.2,0.18490566037735848,0.8571428571428571,0.44999999999999996,0.6619047619047619,0.03125,0.2833333333333333,0.5510204081632653,0.2777777777777778,0.3684210526315789,0.10329675785710739
1.0,0.0,1.0,0.75,0.5,0.282798833819242,0.4671641791044778,0.4250000000000007,0.31666666666666704,0.3549262994569434,0.5,0.2,0.18490566037735848,0.8571428571428571,0.44999999999999996,0.6619047619047619,0.03125,0.2833333333333333,0.5510204081632653,0.2777777777777778,0.3684210526315789,0.10329675785710739
1.0,0.0,0.0,0.75,0.5,0.2303206997084549,0.3611940298507465,0.2916666666666667,0.5583333333333336,0.15554693560899924,0.5,0.2,0.13584905660377358,0.14285714285714285,0.43571428571428567,0.580952380952381,0.15000000000000002,0.0875,0.42857142857142855,0.5,0.5526315789473685,0.009458318852092746
0.0,0.0,0.0,0.75,0.5,0.2303206997084549,0.3611940298507465,0.2916666666666667,0.5583333333333336,0.20519782777346782,0.5,0.2,0.15849056603773584,0.42857142857142855,0.32142857142857156,0.6666666666666669,0.9312499999999999,0.029166666666666667,0.2653061224489796,0.8888888888888888,0.8947368421052632,0.049178293034109526
1.0,0.0,0.0,0.75,0.5,0.2303206997084549,0.3611940298507465,0.2916666666666667,0.5583333333333336,0.16679596586501164,0.5,0.2,0.13584905660377358,0.14285714285714285,0.43571428571428567,0.580952380952381,0.15000000000000002,0.0875,0.42857142857142855,0.5,0.5526315789473685,0.03800705029541731
1.0,0.0,1.0,0.75,0.5,0.2303206997084549,0.3611940298507465,0.2916666666666667,0.5583333333333336,0.17455391776570986,0.5,0.2,0.13584905660377358,0.14285714285714285,0.43571428571428567,0.580952380952381,0.15000000000000002,0.0875,0.42857142857142855,0.5,0.5526315789473685,0.04297204706816941
1.0,0.0,1.0,1.0,0.5,0.2303206997084549,0.43432835820895516,0.2916666666666667,0.47500000000000026,0.20791311093871218,0.5,0.2,0.13584905660377358,0.14285714285714285,0.43571428571428567,0.580952380952381,0.15000000000000002,0.0875,0.42857142857142855,0.5,0.5526315789473685,0.05538453900004965
1.0,0.0,0.0,0.75,0.5,0.2303206997084549,0.3611940298507465,0.2916666666666667,0.5583333333333336,0.1795965865011637,0.5,0.2,0.13584905660377358,0.14285714285714285,0.43571428571428567,0.580952380952381,0.15000000000000002,0.0875,0.42857142857142855,0.5,0.5526315789473685,0.05414328980686162
1.0,0.0,0.0,0.5,0.5,0.2303206997084549,0.3656716417910448,0.2916666666666667,0.4583333333333333,0.20946470131885184,0.5,0.2,0.13584905660377358,0.14285714285714285,0.43571428571428567,0.580952380952381,0.15000000000000002,0.0875,0.42857142857142855,0.5,0.5526315789473685,0.06655578173874187
1.0,0.0,1.0,0.75,0.5,0.2303206997084549,0.3611940298507465,0.2916666666666667,0.5583333333333336,0.18735453840186192,0.5,0.2,0.13584905660377358,0.14285714285714285,0.43571428571428567,0.580952380952381,0.15000000000000002,0.0875,0.42857142857142855,0.5,0.5526315789473685,0.05910828657961372
1.0,0.0,1.0,1.0,0.5,0.2303206997084549,0.43432835820895516,0.2916666666666667,0.47500000000000026,0.212955779674166,0.5,0.2,0.13584905660377358,0.14285714285714285,0.43571428571428567,0.580952380952381,0.15000000000000002,0.0875,0.42857142857142855,0.5,0.5526315789473685,0.07152077851149397
1.0,0.0,0.0,0.25,0.5,0.24781341107871713,0.3179104477611942,0.2916666666666667,0.4583333333333333,0.2017067494181536,0.5,0.2,0.13584905660377358,0.14285714285714285,0.43571428571428567,0.580952380952381,0.15000000000000002,0.0875,0.42857142857142855,0.5,0.5526315789473685,0.07772702447743408
1.0,0.0,1.0,0.5,0.5,0.30903790087463573,0.4820895522388061,0.4083333333333338,0.5750000000000005,0.3242823894491854,0.5,0.2,0.22264150943396227,0.14285714285714285,0.5642857142857144,0.6666666666666669,0.09375,0.20416666666666666,0.42857142857142855,0.3888888888888889,0.47368421052631576,0.09510451318206643
1.0,0.0,1.0,0.75,0.5,0.30903790087463573,0.4820895522388061,0.4083333333333338,0.5750000000000005,0.3157486423584174,0.5,0.2,0.22264150943396227,0.14285714285714285,0.5642857142857144,0.6666666666666669,0.09375,0.20416666666666666,0.42857142857142855,0.3888888888888889,0.47368421052631576,0.10999950350032273
1.0,0.0,1.0,0.75,0.5,0.4023323615160352,0.6059701492537313,0.5166666666666669,0.6083333333333337,0.6233514352211016,0.8333333333333334,0.4,0.4528301886792453,0.7142857142857143,0.6357142857142859,0.5714285714285715,0.125,0.43333333333333335,0.42857142857142855,0.1111111111111111,0.15789473684210525,0.20805818976217666
1.0,0.0,1.0,1.0,0.5,0.4023323615160352,0.6492537313432836,0.5166666666666669,0.691666666666667,0.7013188518231187,0.8333333333333334,0.4,0.4528301886792453,0.7142857142857143,0.6357142857142859,0.5714285714285715,0.125,0.43333333333333335,0.42857142857142855,0.1111111111111111,0.15789473684210525,0.2304006752395611
1.0,0.0,1.0,0.75,0.5,0.4023323615160352,0.6492537313432836,0.5166666666666669,0.6083333333333337,0.6097750193948798,0.8333333333333334,0.4,0.4528301886792453,0.7142857142857143,0.6357142857142859,0.5714285714285715,0.125,0.43333333333333335,0.42857142857142855,0.16666666666666666,0.23684210526315788,0.20805818976217666
1.0,0.0,0.0,0.5,1.0,0.13702623906705544,0.4417910447761193,0.6333333333333341,0.1583333333333338,0.6140418929402638,0.8333333333333334,0.4,0.4528301886792453,0.7142857142857143,0.6357142857142859,0.5714285714285715,0.125,0.4666666666666667,0.42857142857142855,0.16666666666666666,0.23684210526315788,0.2999106300580905
1.0,1.0,0.0,0.5,1.0,0.13702623906705544,0.4417910447761193,0.6333333333333341,0.1583333333333338,0.6404189294026377,0.8333333333333334,0.4,0.4528301886792453,0.7142857142857143,0.6357142857142859,0.5714285714285715,0.04999999999999999,0.6333333333333333,0.42857142857142855,0.1111111111111111,0.18421052631578946,0.3619730897174917
1.0,0.0,0.0,0.5,1.0,0.36734693877551033,0.5582089552238807,0.6333333333333341,0.1583333333333338,0.6404189294026377,0.8333333333333334,0.4,0.4528301886792453,0.7142857142857143,0.6357142857142859,0.5714285714285715,0.125,0.4666666666666667,0.42857142857142855,0.16666666666666666,0.23684210526315788,0.32970061069460305
1.0,0.0,1.0,0.75,1.0,0.620991253644315,0.6805970149253731,0.6750000000000007,0.7416666666666671,0.5942591155934833,0.3333333333333333,0.2,0.22264150943396227,0.7142857142857143,0.6571428571428571,0.5333333333333333,0.08750000000000002,0.20416666666666666,0.3469387755102041,0.16666666666666666,0.21052631578947367,0.16836304056402362
0.0,1.0,1.0,0.75,1.0,0.620991253644315,0.6805970149253731,0.6750000000000007,0.7416666666666671,0.6629169899146625,0.3333333333333333,0.2,0.3433962264150943,0.42857142857142855,0.8285714285714287,0.6904761904761906,0.875,0.19583333333333333,0.0,0.4166666666666667,0.4473684210526316,0.20063551958691228
1.0,0.0,1.0,1.0,1.0,0.8046647230320699,0.8626865671641792,0.6750000000000007,0.9083333333333338,0.6757176105508146,0.3333333333333333,0.2,0.22264150943396227,0.7142857142857143,0.6571428571428571,0.5333333333333333,0.08750000000000002,0.20416666666666666,0.3469387755102041,0.16666666666666666,0.21052631578947367,0.1817685318504543
0.0,1.0,1.0,1.0,1.0,0.8046647230320699,0.8626865671641792,0.6750000000000007,0.9083333333333338,0.7532971295577967,0.3333333333333333,0.2,0.3433962264150943,0.42857142857142855,0.8285714285714287,0.6904761904761906,0.875,0.19583333333333333,0.0,0.3333333333333333,0.23684210526315788,0.2170200089369942
1.0,0.0,1.0,0.75,1.0,0.620991253644315,0.6805970149253731,0.6750000000000007,0.7416666666666671,0.6155934833204034,0.3333333333333333,0.2,0.22264150943396227,0.7142857142857143,0.6571428571428571,0.05714285714285719,0.08750000000000002,0.19583333333333333,0.3469387755102041,0.16666666666666666,0.21052631578947367,0.25971898118266223
0.0,1.0,1.0,0.75,1.0,0.620991253644315,0.6805970149253731,0.6750000000000007,0.7416666666666671,0.6842513576415826,0.3333333333333333,0.2,0.3433962264150943,0.42857142857142855,0.8285714285714287,0.6904761904761906,0.875,0.19583333333333333,0.0,0.4166666666666667,0.4473684210526316,0.29248795988282605
1.0,0.0,1.0,1.0,1.0,0.8046647230320699,0.8626865671641792,0.6750000000000007,0.7416666666666671,0.6970519782777347,0.3333333333333333,0.2,0.22264150943396227,0.7142857142857143,0.6571428571428571,0.05714285714285719,0.08750000000000002,0.19583333333333333,0.3469387755102041,0.16666666666666666,0.21052631578947367,0.2873988381907552
0.0,1.0,1.0,1.0,1.0,0.8046647230320699,0.8626865671641792,0.6750000000000007,0.9083333333333338,0.7746314972847168,0.3333333333333333,0.2,0.3433962264150943,0.42857142857142855,0.8285714285714287,0.6904761904761906,0.875,0.19583333333333333,0.0,0.3333333333333333,0.23684210526315788,0.2968323320589842
1.0,0.0,1.0,0.75,1.0,0.620991253644315,0.6805970149253731,0.6750000000000007,0.7416666666666671,0.6155934833204034,0.3333333333333333,0.2,0.22264150943396227,0.7142857142857143,0.6571428571428571,0.5333333333333333,0.08750000000000002,0.20416666666666666,0.3469387755102041,0.16666666666666666,0.21052631578947367,0.28578521423961073
0.0,1.0,1.0,0.75,1.0,0.620991253644315,0.6805970149253731,0.6750000000000007,0.7416666666666671,0.6842513576415826,0.3333333333333333,0.2,0.3433962264150943,0.42857142857142855,0.8285714285714287,0.6904761904761906,0.875,0.19583333333333333,0.0,0.4166666666666667,0.4473684210526316,0.3185541929397746
1.0,1.0,1.0,0.75,1.0,0.6239067055393586,0.6805970149253731,0.6666666666666666,0.6833333333333336,0.6369278510473235,0.3333333333333333,0.2,0.27547169811320754,0.7142857142857143,0.7642857142857142,0.5428571428571429,0.0,0.39166666666666666,0.5918367346938775,0.1388888888888889,0.21052631578947367,0.3235191897125267
1.0,0.0,0.0,0.5,0.5,0.20699708454810514,0.24179104477611965,0.2916666666666667,0.25,0.16679596586501164,0.5,0.2,0.10943396226415095,0.14285714285714285,0.3071428571428573,0.5523809523809524,0.15000000000000002,0.08333333333333333,0.5510204081632653,0.6666666666666666,0.6578947368421053,0.011270542674147262
1.0,1.0,0.0,0.5,0.5,0.20699708454810514,0.24179104477611965,0.2916666666666667,0.25,0.2482544608223429,0.5,0.2,0.13962264150943396,0.8571428571428571,0.34999999999999987,0.6285714285714287,0.03749999999999998,0.225,0.5510204081632653,0.3055555555555556,0.3684210526315789,0.07047812918921603
1.0,0.0,1.0,0.5,0.5,0.20699708454810514,0.24179104477611965,0.2916666666666667,0.2333333333333337,0.18580294802172226,0.5,0.2,0.10943396226415095,0.14285714285714285,0.3071428571428573,0.5523809523809524,0.15000000000000002,0.08333333333333333,0.5510204081632653,0.5,0.5789473684210527,0.0275805570726379
1.0,0.0,1.0,0.75,0.5,0.20699708454810514,0.39104477611940325,0.2916666666666667,0.25,0.1943366951124903,0.5,0.2,0.10943396226415095,0.14285714285714285,0.3071428571428573,0.5523809523809524,0.15000000000000002,0.08333333333333333,0.5510204081632653,0.5,0.5789473684210527,0.03907452460155901
1.0,0.0,1.0,0.75,0.5,0.20699708454810514,0.39104477611940325,0.2916666666666667,0.25,0.2726920093095423,0.5,0.2,0.13962264150943396,0.14285714285714285,0.3071428571428573,0.5523809523809524,0.15000000000000002,0.08333333333333333,0.5510204081632653,0.5,0.5789473684210527,0.06183903480462738
1.0,0.0,1.0,1.0,0.5,0.48688046647230315,0.5,0.3583333333333331,1.0,0.4061287820015516,0.5,0.2,0.23018867924528302,0.14285714285714285,0.5785714285714286,0.6619047619047619,0.09375,0.16666666666666666,0.3469387755102041,0.3055555555555556,0.3684210526315789,0.09440941363388114
1.0,1.0,0.0,0.5,1.0,0.2711370262390673,0.4791044776119402,0.5,0.20000000000000048,0.5159038013964313,0.5,0.2,0.3584905660377358,0.8571428571428571,0.7499999999999999,0.8523809523809524,0.0,0.4041666666666667,0.3469387755102041,0.16666666666666666,0.21052631578947367,0.1898118266223127
1.0,0.0,0.0,0.5,1.0,0.2303206997084549,0.41492537313432853,0.6666666666666666,0.20000000000000048,0.5003878975950349,0.5,0.2,0.33962264150943394,0.7142857142857143,1.0,0.49523809523809526,0.15625,0.3958333333333333,0.5510204081632653,0.16666666666666666,0.2894736842105263,0.41954222729755225
1.0,0.0,0.0,0.25,1.0,0.08454810495626836,0.41492537313432853,0.3916666666666669,0.31666666666666704,0.4918541505042669,0.6666666666666666,0.4,0.5018867924528302,0.7142857142857143,0.8571428571428573,0.3952380952380953,0.15625,0.6625,0.7142857142857143,0.1111111111111111,0.23684210526315788,0.680452807705675
1.0,0.0,0.0,0.25,1.0,0.08454810495626836,0.41492537313432853,0.3916666666666669,0.31666666666666704,0.4918541505042669,0.6666666666666666,0.4,0.5018867924528302,0.7142857142857143,0.8571428571428573,0.3952380952380953,0.15625,0.6625,0.7142857142857143,0.1111111111111111,0.23684210526315788,0.7176902835013157
1.0,0.0,0.0,0.0,1.0,0.08454810495626836,0.41492537313432853,0.3916666666666669,0.31666666666666704,0.5089216446858029,0.6666666666666666,0.4,0.5018867924528302,0.7142857142857143,0.8571428571428573,0.3952380952380953,0.15625,0.6625,0.7142857142857143,0.1111111111111111,0.23684210526315788,0.7921652350925972
1.0,0.0,0.0,0.5,1.0,0.3440233236151606,0.5164179104477611,1.0,0.22500000000000023,0.7284716834755625,0.16666666666666666,0.6,0.5358490566037736,0.7142857142857143,1.0,0.49523809523809526,0.1875,1.0,0.6530612244897959,0.1111111111111111,0.3157894736842105,0.6524626383992851
1.0,0.0,1.0,1.0,0.5,0.27696793002915443,0.6029850746268658,0.5166666666666669,0.6166666666666671,0.42319627618308764,0.5,0.2,0.2679245283018868,0.7142857142857143,0.6571428571428571,0.8714285714285714,0.10624999999999996,0.175,0.3877551020408163,0.2777777777777778,0.39473684210526316,0.10369395759892756
1.0,0.0,0.0,0.5,0.5,0.27696793002915443,0.5328358208955226,0.5249999999999998,0.22500000000000023,0.3770364623739333,0.5,0.2,0.2679245283018868,0.7142857142857143,0.6571428571428571,0.8714285714285714,0.10624999999999996,0.175,0.3877551020408163,0.2777777777777778,0.39473684210526316,0.11858894791718386
1.0,0.0,0.0,0.5,0.5,0.36443148688046634,0.6791044776119403,0.5166666666666669,0.691666666666667,0.4538401861908456,0.5,0.2,0.22641509433962265,0.7142857142857143,0.7142857142857143,0.47619047619047616,0.14437500000000003,0.25833333333333336,0.4489795918367347,0.2222222222222222,0.3157894736842105,0.1671217913708356
1.0,0.0,1.0,0.75,0.5,0.36443148688046634,0.6791044776119403,0.5166666666666669,0.691666666666667,0.4681923972071373,0.5,0.2,0.22641509433962265,0.7142857142857143,0.7142857142857143,0.47619047619047616,0.14375000000000004,0.25833333333333336,0.4489795918367347,0.2222222222222222,0.3157894736842105,0.17506578620723898
1.0,0.0,0.0,0.5,0.5,0.36443148688046634,0.6791044776119403,0.5166666666666669,0.691666666666667,0.47284716834755625,0.5,0.2,0.22641509433962265,0.7142857142857143,0.0,0.0,0.14375000000000004,0.25833333333333336,0.4489795918367347,0.2222222222222222,0.3157894736842105,0.24631348989623156
1.0,0.0,1.0,0.75,0.5,0.36443148688046634,0.6791044776119403,0.5166666666666669,0.691666666666667,0.4926299456943367,0.5,0.2,0.22641509433962265,0.7142857142857143,0.7142857142857143,0.47619047619047616,0.14375000000000004,0.25833333333333336,0.4489795918367347,0.2222222222222222,0.3157894736842105,0.257981232312199
1.0,1.0,0.0,0.5,0.5,0.36443148688046634,0.6791044776119403,0.5166666666666669,0.691666666666667,0.5120248254460822,0.0,0.2,0.22641509433962265,0.7142857142857143,0.7142857142857143,0.47619047619047616,0.125,0.4666666666666667,0.5510204081632653,0.16666666666666666,0.2631578947368421,0.3235191897125267
1.0,1.0,1.0,0.75,0.5,0.36443148688046634,0.6791044776119403,0.5166666666666669,0.691666666666667,0.5271528316524438,0.0,0.2,0.22641509433962265,0.7142857142857143,0.7142857142857143,0.47619047619047616,0.125,0.4666666666666667,0.5510204081632653,0.16666666666666666,0.2631578947368421,0.3351869321284941
1.0,0.0,0.0,0.5,0.5,0.20699708454810514,0.23582089552238822,0.25833333333333347,0.49166666666666714,0.21799844840961985,0.6666666666666666,0.2,0.13584905660377358,0.14285714285714285,0.7714285714285716,0.1380952380952381,0.125,0.0875,0.30612244897959184,0.5,0.5263157894736842,0.0
1.0,0.0,0.0,0.5,0.5,0.20699708454810514,0.25074626865671656,0.27500000000000036,0.49166666666666714,0.2451512800620636,0.6666666666666666,0.2,0.17735849056603772,0.14285714285714285,0.7714285714285716,0.2714285714285716,0.10624999999999996,0.10416666666666667,0.10204081632653061,0.3611111111111111,0.39473684210526316,0.04803634377637655
1.0,0.0,0.0,0.5,0.0,0.19533527696793004,0.24179104477611965,0.2916666666666667,0.6583333333333338,0.2916989914662529,0.6666666666666666,0.2,0.17735849056603772,0.14285714285714285,0.7714285714285716,0.2714285714285716,0.10624999999999996,0.10416666666666667,0.10204081632653061,0.3611111111111111,0.39473684210526316,0.061690084901444814
1.0,0.0,1.0,0.75,0.5,0.30903790087463573,0.46119402985074637,0.4250000000000007,0.3916666666666669,0.2548487199379364,0.6666666666666666,0.2,0.17735849056603772,0.14285714285714285,0.7714285714285716,0.2714285714285716,0.15625,0.14166666666666666,0.2653061224489796,0.5277777777777778,0.5526315789473685,0.04984856759843106
1.0,0.0,1.0,0.75,0.5,0.30903790087463573,0.46119402985074637,0.4250000000000007,0.3916666666666669,0.27230411171450736,0.6666666666666666,0.2,0.17735849056603772,0.14285714285714285,0.7714285714285716,0.2714285714285716,0.15625,0.14166666666666666,0.10204081632653061,0.4166666666666667,0.4473684210526316,0.06595998212601162
1.0,0.0,1.0,0.75,0.5,0.30903790087463573,0.46119402985074637,0.4250000000000007,0.3916666666666669,0.330488750969744,0.6666666666666666,0.2,0.17735849056603772,0.7142857142857143,0.7714285714285716,0.2714285714285716,0.125,0.19166666666666668,0.42857142857142855,0.3611111111111111,0.42105263157894735,0.12020257186832829
1.0,0.0,1.0,0.75,0.0,0.3032069970845482,0.46119402985074637,0.4250000000000007,0.5416666666666666,0.34794414274631497,0.6666666666666666,0.2,0.17735849056603772,0.14285714285714285,0.7714285714285716,0.2714285714285716,0.125,0.14166666666666666,0.2653061224489796,0.3055555555555556,0.23684210526315788,0.10215480859937441
1.0,1.0,1.0,0.75,0.0,0.3032069970845482,0.46119402985074637,0.4250000000000007,0.5416666666666666,0.3964313421256788,0.6666666666666666,0.2,0.17735849056603772,0.7142857142857143,0.7714285714285716,0.2714285714285716,0.04375000000000001,0.2625,0.2653061224489796,0.3055555555555556,0.34210526315789475,0.15245022590735316
1.0,0.0,1.0,1.0,0.5,0.3032069970845482,0.4835820895522389,0.4250000000000007,0.43333333333333357,0.3110938712179985,0.6666666666666666,0.2,0.17735849056603772,0.14285714285714285,0.7714285714285716,0.2714285714285716,0.125,0.14166666666666666,0.2653061224489796,0.4166666666666667,0.42105263157894735,0.05821458716051835
1.0,0.0,1.0,1.0,0.5,0.3032069970845482,0.4835820895522389,0.4250000000000007,0.43333333333333357,0.3750969743987587,0.6666666666666666,0.2,0.17735849056603772,0.7142857142857143,0.7714285714285716,0.2714285714285716,0.125,0.19166666666666668,0.42857142857142855,0.3333333333333333,0.39473684210526316,0.12611091802790328
1.0,0.0,1.0,1.0,0.0,0.3002915451895046,0.48507462686567165,0.4250000000000007,0.5916666666666668,0.36152055857253684,0.6666666666666666,0.2,0.17735849056603772,0.14285714285714285,0.7714285714285716,0.2714285714285716,0.125,0.14166666666666666,0.2653061224489796,0.2777777777777778,0.34210526315789475,0.07186832828558662
1.0,1.0,1.0,1.0,0.0,0.3002915451895046,0.48507462686567165,0.4250000000000007,0.5916666666666668,0.45073700543056633,0.6666666666666666,0.2,0.17735849056603772,0.7142857142857143,0.7714285714285716,0.2714285714285716,0.04375000000000001,0.2625,0.2653061224489796,0.2777777777777778,0.18421052631578946,0.16324909388808898
1.0,0.0,0.0,0.5,0.5,0.2653061224489798,0.26268656716417904,0.27500000000000036,0.5583333333333336,0.19278510473235067,0.5,0.2,0.1169811320754717,0.14285714285714285,0.36428571428571416,0.45714285714285713,0.125,0.058333333333333334,0.2653061224489796,0.6111111111111112,0.6052631578947368,0.005709746288664912
1.0,0.0,0.0,0.5,0.5,0.2653061224489798,0.26268656716417904,0.27500000000000036,0.5583333333333336,0.21411947245927077,0.5,0.2,0.1169811320754717,0.14285714285714285,0.36428571428571416,0.45714285714285713,0.125,0.058333333333333334,0.2653061224489796,0.5,0.5789473684210527,0.030286480313787795
1.0,0.0,1.0,0.5,0.5,0.2653061224489798,0.26268656716417904,0.27500000000000036,0.5583333333333336,0.20442203258339797,0.5,0.2,0.1169811320754717,0.14285714285714285,0.36428571428571416,0.45714285714285713,0.125,0.058333333333333334,0.2653061224489796,0.5,0.5789473684210527,0.03401022789335187
1.0,0.0,1.0,1.0,0.5,0.2653061224489798,0.42686567164179096,0.27500000000000036,0.941666666666667,0.30721489526764933,0.5,0.2,0.1169811320754717,0.14285714285714285,0.36428571428571416,0.45714285714285713,0.125,0.058333333333333334,0.2653061224489796,0.5,0.5526315789473685,0.04468497095476888
1.0,0.0,1.0,1.0,0.0,0.2653061224489798,0.42686567164179096,0.27500000000000036,0.941666666666667,0.3110938712179985,0.5,0.2,0.1169811320754717,0.14285714285714285,0.36428571428571416,0.45714285714285713,0.125,0.058333333333333334,0.2653061224489796,0.3888888888888889,0.42105263157894735,0.06901345514125416
1.0,0.0,1.0,1.0,0.0,0.2653061224489798,0.42686567164179096,0.27500000000000036,0.941666666666667,0.6291698991466252,0.5,0.2,0.1169811320754717,0.14285714285714285,0.36428571428571416,0.45714285714285713,0.125,0.058333333333333334,0.2653061224489796,0.3888888888888889,0.42105263157894735,0.09085944094136339
1.0,0.0,1.0,0.75,0.5,0.2653061224489798,0.3761194029850749,0.3416666666666674,0.43333333333333357,0.2300232738557021,0.5,0.2,0.13962264150943396,0.14285714285714285,0.46428571428571425,0.45714285714285713,0.125,0.09166666666666666,0.2653061224489796,0.4722222222222222,0.5526315789473685,0.04518147063204409
1.0,0.0,1.0,0.5,0.5,0.2653061224489798,0.3761194029850749,0.3416666666666674,0.4166666666666667,0.24088440651667958,0.5,0.2,0.13962264150943396,0.14285714285714285,0.46428571428571425,0.45714285714285713,0.125,0.09166666666666666,0.2653061224489796,0.4722222222222222,0.5526315789473685,0.051635966436621814
0.0,0.0,1.0,0.75,0.5,0.2653061224489798,0.3761194029850749,0.3416666666666674,0.43333333333333357,0.30527540729247477,0.5,0.2,0.18490566037735848,0.42857142857142855,0.5214285714285715,0.6095238095238096,0.96875,0.03333333333333333,0.14285714285714285,0.5833333333333334,0.5263157894736842,0.06901345514125416
0.0,0.0,1.0,0.5,0.5,0.2653061224489798,0.3761194029850749,0.3416666666666674,0.4166666666666667,0.30527540729247477,0.5,0.2,0.18490566037735848,0.42857142857142855,0.5214285714285715,0.6095238095238096,0.96875,0.03333333333333333,0.14285714285714285,0.6944444444444444,0.8157894736842105,0.06628270691624051
1.0,0.0,1.0,0.75,0.5,0.2653061224489798,0.3761194029850749,0.3416666666666674,0.43333333333333357,0.23506594259115593,0.5,0.2,0.13962264150943396,0.14285714285714285,0.46428571428571425,0.45714285714285713,0.125,0.09166666666666666,0.2653061224489796,0.6944444444444444,0.8157894736842105,0.06504145772305248
1.0,0.0,1.0,0.5,0.5,0.2653061224489798,0.3761194029850749,0.3416666666666674,0.4166666666666667,0.24592707525213345,0.5,0.2,0.13962264150943396,0.14285714285714285,0.46428571428571425,0.45714285714285713,0.125,0.09166666666666666,0.2653061224489796,0.4166666666666667,0.47368421052631576,0.08043294771858399
1.0,0.0,1.0,0.75,0.5,0.2653061224489798,0.3761194029850749,0.3416666666666674,0.4166666666666667,0.2529092319627618,0.5,0.2,0.13962264150943396,0.14285714285714285,0.46428571428571425,0.45714285714285713,0.125,0.09166666666666666,0.2653061224489796,0.4166666666666667,0.47368421052631576,0.10277543319596842
1.0,0.0,0.0,0.75,1.0,0.2303206997084549,0.4119402985074626,0.30833333333333357,0.40000000000000036,0.26415826221877425,0.5,0.2,0.13962264150943396,0.14285714285714285,0.46428571428571425,0.45714285714285713,0.125,0.09166666666666666,0.2653061224489796,0.4444444444444444,0.47368421052631576,0.07298545255945584
1.0,0.0,0.0,0.5,1.0,0.2303206997084549,0.4119402985074626,0.30833333333333357,0.40000000000000036,0.27773467804499613,0.5,0.2,0.13962264150943396,0.14285714285714285,0.46428571428571425,0.45714285714285713,0.125,0.09166666666666666,0.2653061224489796,0.4444444444444444,0.47368421052631576,0.07745394965493273
1.0,0.0,0.0,0.75,1.0,0.2303206997084549,0.4119402985074626,0.30833333333333357,0.40000000000000036,0.3013964313421257,0.0,0.2,0.13962264150943396,0.7142857142857143,0.5000000000000001,0.480952380952381,0.15000000000000002,0.26666666666666666,1.0,0.3611111111111111,0.34210526315789475,0.10376843255051885
1.0,0.0,0.0,0.5,1.0,0.2303206997084549,0.4119402985074626,0.30833333333333357,0.40000000000000036,0.31497284716834756,0.0,0.2,0.13962264150943396,0.7142857142857143,0.5000000000000001,0.480952380952381,0.15000000000000002,0.26666666666666666,1.0,0.3611111111111111,0.34210526315789475,0.10972642867782136
1.0,0.0,0.0,0.25,1.0,0.3440233236151606,0.5238805970149253,0.44166666666666643,0.35000000000000026,0.40806826997672613,0.5,0.2,0.32075471698113206,0.7142857142857143,0.7714285714285716,0.680952380952381,0.14375000000000004,0.2833333333333333,0.2653061224489796,0.3055555555555556,0.3684210526315789,0.08269202125018618
1.0,0.0,0.0,0.25,1.0,0.3440233236151606,0.5238805970149253,0.44166666666666643,0.35000000000000026,0.4065166795965865,0.5,0.2,0.32075471698113206,0.7142857142857143,0.7714285714285716,0.680952380952381,0.14375000000000004,0.2833333333333333,0.2653061224489796,0.3055555555555556,0.3684210526315789,0.11223375204806117
1.0,0.0,0.0,0.5,1.0,0.3440233236151606,0.5238805970149253,0.44166666666666643,0.35000000000000026,0.41233514352211015,0.5,0.2,0.32075471698113206,0.7142857142857143,0.7714285714285716,0.680952380952381,0.14375000000000004,0.2833333333333333,0.2653061224489796,0.3055555555555556,0.3684210526315789,0.12092249640037733
1.0,0.0,0.0,0.25,1.0,0.3440233236151606,0.5238805970149253,0.44166666666666643,0.35000000000000026,0.46198603568657876,0.5,0.2,0.32075471698113206,0.7142857142857143,0.7714285714285716,0.680952380952381,0.14375000000000004,0.2833333333333333,0.2653061224489796,0.3055555555555556,0.3684210526315789,0.15096072687552753
1.0,0.0,0.0,0.5,1.0,0.3440233236151606,0.5238805970149253,0.44166666666666643,0.35000000000000026,0.47556245151280063,0.5,0.2,0.32075471698113206,0.7142857142857143,0.7714285714285716,0.680952380952381,0.14375000000000004,0.2833333333333333,0.2653061224489796,0.3055555555555556,0.3684210526315789,0.1596494712278437
1.0,0.0,0.0,0.0,1.0,0.3440233236151606,0.5238805970149253,0.44166666666666643,0.43333333333333357,0.5768037238169124,0.5,0.2,0.32075471698113206,0.7142857142857143,0.7714285714285716,0.680952380952381,0.14375000000000004,0.2833333333333333,0.2653061224489796,0.3055555555555556,0.3684210526315789,0.3115783724740579
1.0,0.0,1.0,0.75,0.5,0.4606413994169098,0.5149253731343284,0.5166666666666669,0.5916666666666668,0.32505818463925523,0.5,0.2,0.23018867924528302,0.7142857142857143,0.55,0.7000000000000001,0.10624999999999996,0.18333333333333332,0.02040816326530612,0.4444444444444444,0.47368421052631576,0.09507968819820267
0.0,1.0,1.0,0.75,0.5,0.4606413994169098,0.5149253731343284,0.5166666666666669,0.5916666666666668,0.3847944142746315,0.5,0.2,0.18490566037735848,0.42857142857142855,0.5214285714285715,0.6095238095238096,0.96875,0.10416666666666667,0.14285714285714285,0.4722222222222222,0.4473684210526316,0.13852340995978352
1.0,0.0,1.0,0.5,0.5,0.4606413994169098,0.5149253731343284,0.5166666666666669,0.5083333333333334,0.3591931730023274,0.5,0.2,0.23018867924528302,0.7142857142857143,0.55,0.7000000000000001,0.10624999999999996,0.18333333333333332,0.02040816326530612,0.3888888888888889,0.42105263157894735,0.12089767141651359
1.0,0.0,1.0,0.75,0.5,0.4606413994169098,0.5149253731343284,0.5166666666666669,0.5916666666666668,0.3591931730023274,0.5,0.2,0.23018867924528302,0.7142857142857143,0.55,0.7000000000000001,0.10624999999999996,0.18333333333333332,0.02040816326530612,0.3888888888888889,0.42105263157894735,0.14348840673253563
1.0,0.0,1.0,0.5,0.5,0.4606413994169098,0.5149253731343284,0.5166666666666669,0.5083333333333334,0.3762606671838635,0.5,0.2,0.23018867924528302,0.7142857142857143,0.55,0.7000000000000001,0.10624999999999996,0.18333333333333332,0.02040816326530612,0.3888888888888889,0.42105263157894735,0.1521771510848518
1.0,0.0,0.0,0.5,1.0,0.47521865889212844,0.6328358208955225,0.6166666666666671,0.35000000000000026,0.5771916214119472,0.0,0.4,0.41509433962264153,0.7142857142857143,0.5214285714285715,0.6095238095238096,0.14375000000000004,0.4708333333333333,0.42857142857142855,0.19444444444444445,0.21052631578947367,0.28399781540142
1.0,0.0,0.0,0.5,1.0,0.47521865889212844,0.6328358208955225,0.6166666666666671,0.35000000000000026,0.5927075252133437,0.0,0.4,0.41509433962264153,0.7142857142857143,0.5214285714285715,0.6095238095238096,0.14375000000000004,0.4708333333333333,0.42857142857142855,0.16666666666666666,0.21052631578947367,0.2700958244377141
1.0,0.0,1.0,0.75,1.0,0.521865889212828,0.6970149253731346,0.5166666666666669,0.5250000000000004,0.6373157486423584,0.0,0.4,0.41509433962264153,0.7142857142857143,0.5214285714285715,0.6095238095238096,0.13749999999999996,0.45,0.42857142857142855,0.19444444444444445,0.21052631578947367,0.26244972940767586
1.0,0.0,1.0,1.0,1.0,0.521865889212828,0.6970149253731346,0.5166666666666669,0.5250000000000004,0.6450737005430567,0.0,0.4,0.37735849056603776,0.7142857142857143,0.5214285714285715,0.6095238095238096,0.13749999999999996,0.45,0.42857142857142855,0.16666666666666666,0.21052631578947367,0.2639392284395015
0.0,0.0,0.0,0.75,0.5,0.3119533527696793,0.4567164179104477,0.43333333333333357,0.6583333333333338,0.29984484096198605,0.5,0.2,0.13584905660377358,0.42857142857142855,0.3357142857142856,0.6333333333333333,1.0,0.016666666666666666,0.2653061224489796,0.6666666666666666,0.7894736842105263,0.06595998212601162
1.0,0.0,0.0,0.75,0.5,0.3119533527696793,0.4567164179104477,0.43333333333333357,0.6583333333333338,0.2796741660201707,0.5,0.2,0.1811320754716981,0.7142857142857143,0.46428571428571425,0.6333333333333333,0.125,0.15416666666666667,0.4489795918367347,0.3888888888888889,0.47368421052631576,0.07092497889876372
0.0,0.0,1.0,0.75,0.5,0.3119533527696793,0.4567164179104477,0.43333333333333357,0.6583333333333338,0.30100853374709075,0.5,0.2,0.13584905660377358,0.42857142857142855,0.3357142857142856,0.6333333333333333,1.0,0.016666666666666666,0.2653061224489796,0.6666666666666666,0.7894736842105263,0.07142147857603892
1.0,0.0,1.0,0.75,0.5,0.3119533527696793,0.4567164179104477,0.43333333333333357,0.6583333333333338,0.2808378588052754,0.5,0.2,0.1811320754716981,0.7142857142857143,0.46428571428571425,0.6333333333333333,0.125,0.15416666666666667,0.4489795918367347,0.3888888888888889,0.47368421052631576,0.07638647534879102
1.0,0.0,1.0,0.75,0.5,0.3119533527696793,0.4567164179104477,0.43333333333333357,0.6583333333333338,0.30527540729247477,0.5,0.2,0.1811320754716981,0.7142857142857143,0.46428571428571425,0.6333333333333333,0.125,0.15416666666666667,0.4489795918367347,0.3888888888888889,0.47368421052631576,0.08383397050791917
0.0,1.0,1.0,0.75,0.5,0.3119533527696793,0.4567164179104477,0.43333333333333357,0.6583333333333338,0.32234290147401085,0.5,0.2,0.13584905660377358,0.42857142857142855,0.3357142857142856,0.6333333333333333,1.0,0.08333333333333333,0.14285714285714285,0.6666666666666666,0.6842105263157895,0.10865895437167966
1.0,0.0,1.0,0.75,0.5,0.3119533527696793,0.4567164179104477,0.43333333333333357,0.6583333333333338,0.31497284716834756,0.5,0.2,0.1811320754716981,0.7142857142857143,0.46428571428571425,0.6333333333333333,0.1875,0.21666666666666667,0.5510204081632653,0.3611111111111111,0.42105263157894735,0.1210714463035599
1.0,0.0,0.0,0.0,0.5,0.2303206997084549,0.27164179104477637,0.32500000000000046,0.6500000000000004,0.29712955779674166,0.5,0.2,0.1811320754716981,0.7142857142857143,0.46428571428571425,0.6333333333333333,0.09375,0.175,0.5510204081632653,0.3055555555555556,0.34210526315789475,0.16079142048557668
1.0,0.0,0.0,0.5,0.5,0.2303206997084549,0.3671641791044775,0.30833333333333357,0.3000000000000001,0.2843289371605896,0.5,0.2,0.1811320754716981,0.7142857142857143,0.46428571428571425,0.6333333333333333,0.09375,0.175,0.5510204081632653,0.3055555555555556,0.34210526315789475,0.1206990715456035
1.0,0.0,1.0,0.75,0.5,0.4023323615160352,0.5835820895522387,0.5500000000000007,0.6083333333333337,0.45500387897595035,0.5,0.3,0.2830188679245283,0.7142857142857143,0.46428571428571425,0.6333333333333333,0.09375,0.25833333333333336,0.5510204081632653,0.16666666666666666,0.21052631578947367,0.2029938930539695
0.0,1.0,1.0,0.75,0.5,0.4023323615160352,0.5835820895522387,0.5500000000000007,0.6083333333333337,0.42319627618308764,0.5,0.2,0.13584905660377358,0.42857142857142855,0.3357142857142856,0.6333333333333333,1.0,0.08333333333333333,0.14285714285714285,0.5555555555555556,0.5789473684210527,0.2166476341790378
1.0,0.0,1.0,1.0,0.5,0.4023323615160352,0.6268656716417911,0.5500000000000007,0.6083333333333337,0.4169899146625291,0.5,0.2,0.1811320754716981,0.7142857142857143,0.46428571428571425,0.6333333333333333,0.125,0.16666666666666666,0.5510204081632653,0.3333333333333333,0.39473684210526316,0.1780447842708902
1.0,0.0,1.0,0.75,1.0,0.5160349854227404,0.711940298507463,0.5750000000000005,0.7000000000000005,0.552366175329713,0.5,0.2,0.3018867924528302,0.7142857142857143,0.8857142857142856,0.5142857142857143,0.15625,0.275,0.5102040816326531,0.2777777777777778,0.3157894736842105,0.19418102378233454
1.0,0.0,1.0,1.0,1.0,0.5160349854227404,0.711940298507463,0.5750000000000005,0.8083333333333336,0.5996896819239721,0.5,0.2,0.3018867924528302,0.7142857142857143,0.8857142857142856,0.5142857142857143,0.15625,0.275,0.5102040816326531,0.2777777777777778,0.3157894736842105,0.20597289111762077
1.0,0.0,1.0,0.75,1.0,0.5160349854227404,0.711940298507463,0.5750000000000005,0.7000000000000005,0.5612878200155159,0.5,0.2,0.3018867924528302,0.7142857142857143,0.8857142857142856,0.5142857142857143,0.15625,0.275,0.5102040816326531,0.3055555555555556,0.3157894736842105,0.26977309964748525
1.0,0.0,1.0,1.0,1.0,0.5160349854227404,0.711940298507463,0.5750000000000005,0.8083333333333336,0.6027928626842514,0.5,0.2,0.3018867924528302,0.7142857142857143,0.8857142857142856,0.5142857142857143,0.15625,0.275,0.5102040816326531,0.3055555555555556,0.3157894736842105,0.2829303410952783
1.0,1.0,1.0,0.75,1.0,0.5160349854227404,0.711940298507463,0.5750000000000005,0.7000000000000005,0.6039565554693561,0.5,0.2,0.26037735849056604,0.7142857142857143,0.7714285714285716,0.5142857142857143,0.03125,0.475,0.3877551020408163,0.1111111111111111,0.15789473684210525,0.330221935355742
1.0,1.0,1.0,1.0,1.0,0.5160349854227404,0.711940298507463,0.5750000000000005,0.8083333333333336,0.6474010861132661,0.5,0.2,0.26037735849056604,0.7142857142857143,0.7714285714285716,0.5142857142857143,0.03125,0.475,0.3877551020408163,0.1111111111111111,0.15789473684210525,0.3433791768035351
1.0,0.0,1.0,0.75,1.0,0.6559766763848395,0.711940298507463,0.7166666666666673,0.6416666666666669,0.5678820791311094,0.5,0.2,0.3018867924528302,0.7142857142857143,0.8857142857142856,0.5142857142857143,0.15625,0.275,0.5102040816326531,0.2777777777777778,0.3157894736842105,0.29112258577031924
1.0,1.0,1.0,0.75,1.0,0.6559766763848395,0.711940298507463,0.7083333333333334,0.6416666666666669,0.6055081458494957,0.5,0.2,0.3018867924528302,0.7142857142857143,0.8857142857142856,0.5142857142857143,0.10624999999999996,0.4666666666666667,0.46938775510204084,0.16666666666666666,0.23684210526315788,0.34573755027059233
1.0,0.0,1.0,0.75,1.0,0.6559766763848395,0.711940298507463,0.7166666666666673,0.6416666666666669,0.591155934833204,0.8333333333333334,0.4,0.4226415094339623,0.7142857142857143,0.7428571428571429,0.38095238095238104,0.11250000000000004,0.35833333333333334,0.5510204081632653,0.1388888888888889,0.18421052631578946,0.40631051089816794
0.0,1.0,1.0,0.75,1.0,0.6559766763848395,0.711940298507463,0.7166666666666673,0.6416666666666669,0.6706749418153607,0.5,0.4,0.3169811320754717,0.42857142857142855,0.3357142857142856,0.6333333333333333,1.0,0.24166666666666667,0.2653061224489796,0.3611111111111111,0.2894736842105263,0.430763120003972
1.0,1.0,1.0,0.75,1.0,0.6559766763848395,0.711940298507463,0.7166666666666673,0.6416666666666669,0.6105508145849495,0.5,0.2,0.3018867924528302,0.7142857142857143,0.8857142857142856,0.5142857142857143,0.15625,0.275,0.5102040816326531,0.16666666666666666,0.23684210526315788,0.4346109925028549
